Party,Winner
48.75919621,982942
45.45980141,1068569
46.25348241,1008936
49.33609176,972739
